{"cameraMode":{"drawMode":0,"name":"Shaded","section":"Shading Mode"},"sceneLighting":false,"audioPlay":false,"sceneViewState":{"showFog":true,"showMaterialUpdate":false,"showSkybox":false,"showFlares":true,"showImageEffects":true,"showParticleSystems":true},"in2DMode":false,"pivot":{"x":0.47879600524902346,"y":15.96536636352539,"z":-5.9763641357421879},"rotation":{"x":0.004654764197766781,"y":0.9849964380264282,"z":-0.026906611397862436,"w":0.17040079832077027},"size":28.434839248657228,"orthographic":false}