{"cameraMode":{"drawMode":0,"name":"Shaded","section":"Shading Mode"},"sceneLighting":true,"audioPlay":false,"sceneViewState":{"showFog":true,"showMaterialUpdate":false,"showSkybox":true,"showFlares":true,"showImageEffects":true,"showParticleSystems":true},"in2DMode":false,"pivot":{"x":4.068817138671875,"y":-17.632606506347658,"z":13.924028396606446},"rotation":{"x":0.1995374858379364,"y":-0.736883282661438,"z":0.24624167382717133,"w":0.5971204042434692},"size":157.262451171875,"orthographic":false}