{"cameraMode":{"drawMode":0,"name":"Shaded","section":"Shading Mode"},"sceneLighting":false,"audioPlay":false,"sceneViewState":{"showFog":true,"showMaterialUpdate":false,"showSkybox":false,"showFlares":true,"showImageEffects":true,"showParticleSystems":true},"in2DMode":false,"pivot":{"x":1.1290417909622193,"y":16.36138343811035,"z":-6.471890926361084},"rotation":{"x":0.004654764197766781,"y":0.9849964380264282,"z":-0.026906611397862436,"w":0.17040079832077027},"size":2.841658592224121,"orthographic":false}