{"cameraMode":{"drawMode":0,"name":"Shaded","section":"Shading Mode"},"sceneLighting":false,"audioPlay":false,"sceneViewState":{"showFog":true,"showMaterialUpdate":false,"showSkybox":false,"showFlares":true,"showImageEffects":true,"showParticleSystems":true},"in2DMode":false,"pivot":{"x":-1.4257774353027344,"y":0.9174990653991699,"z":0.3963637351989746},"rotation":{"x":-0.03292302414774895,"y":0.9078512787818909,"z":-0.07260950654745102,"w":-0.4116430878639221},"size":31.524044036865236,"orthographic":false}